t(s),Flux surface 40: solute,Flux surface 41: solute,Flux surface 42: solute,Flux surface 43: solute,Flux surface 44: solute,Flux surface 45: solute,Flux surface 46: solute,Flux surface 47: solute,Flux surface 48: solute,Flux surface 49: solute,Flux surface 39: solute,Flux surface 22: solute,Total solute volume 7,Total solute volume 8,Total solute volume 9,Total solute volume 10,Total solute volume 11,Total solute volume 12,Total solute volume 13,Total solute volume 14,Total solute volume 15,Total solute volume 16,Total solute volume 17,Total solute volume 18,Total solute volume 19,Total solute volume 6,Total 1 volume 7,Total 2 volume 7,Total retention volume 7,Total retention volume 8,Total retention volume 9,Total retention volume 10,Total retention volume 11,Total retention volume 12,Total retention volume 13,Total retention volume 14,Total retention volume 15,Total retention volume 16,Total retention volume 17,Total retention volume 18,Total retention volume 19,Total solute surface 21
100.0,-378890920684.7726,-119212393854.08727,-38053242453.76164,-46939019973.60894,-536041598402.0538,-190046645876.615,-488114787475.3867,-164880735705.9731,-59605309821.32644,-35796227193.08195,-447230.75942753075,187859059140533.56,8367231498281767.0,2.595558319965751e+16,6129597052384318.0,1470990412964772.0,738121713835082.4,428501407371992.0,441407254615885.1,1709786839586949.0,885687480463710.2,1637823833649707.5,834629065561965.5,497943791896906.7,402511785580757.3,1.074851727446555e+19,5752043947813713.0,2.242451433336399e+16,3.654378977945952e+16,2.857127840640934e+16,6553074746810636.0,1975821289427505.0,1085248093775568.5,762489065470862.8,717414320907585.2,2112567204827005.5,1157452973824932.5,2071377138189908.5,1131470405157911.2,785672743011578.2,702647755736373.4,2.458751596648438e+18
220.0,-2856342112375.3384,-1041305811652.1887,-382921251828.2975,-450071529589.9411,-3751488636360.0796,-1506111903052.6199,-3479541354114.7397,-1343807074697.2063,-556244249715.3994,-356314322401.3227,-8709627.104073733,135259986283989.05,1.2454895753459824e+16,7.424231746937824e+16,1.544903644758813e+16,3925636457782235.0,1997783839539049.2,1179988454097945.5,1210777602177475.2,4519962944225869.0,2372152393503558.0,4340495998885967.0,2243217571462601.8,1358561255128310.8,1106574165894437.9,2.356869073969179e+19,8555426810869707.0,3.3346419467534068e+16,5.4356742031863576e+16,8.176288688096718e+16,1.6525770575251744e+16,5311648791858333.0,2962873117752643.0,2116895590168560.5,1985521343431200.0,5618764602681650.0,3123826722387652.0,5525561733235637.0,3065924951445443.0,2163354906549982.5,1947979694413098.5,5.607322635791221e+18
364.0,-8094757121986.078,-3379986936836.015,-1502725911716.979,-1670269998687.1204,-10058581100562.762,-4498243102411.093,-9463115037515.367,-4112034803282.7393,-1979641888758.8574,-1397107055937.6853,-81001945.2735444,105921117895993.98,1.6120295240676948e+16,1.495846549644061e+17,2.756014331143558e+16,7259490860379482.0,3741588521871838.0,2256533266534098.5,2303592490392405.0,8283211585051343.0,4390833703094607.0,7973742764065894.0,4168230342252673.0,2566473722538680.0,2110883603001795.2,3.884661648278276e+19,1.1083507132501348e+16,4.321078827108272e+16,7.041459064426091e+16,1.6483112882311165e+17,2.949045360226468e+16,9861036261366524.0,5575681243885014.0,4068572717929685.0,3797770090193986.0,1.0329104671818846e+16,5804688101838158.0,1.0186030905260396e+16,5721711544858291.0,4109734137531313.5,3735027292493590.0,9.701353147638116e+18
536.8,-15815642915434.46,-7115773743948.693,-3566899857371.715,-3830720717320.2314,-19039931307612.168,-9010562348628.24,-18062483859955.82,-8360364464564.23,-4411271741293.066,-3310394582481.9097,-512419829.1489246,87126893839289.03,1.9642210074417836e+16,2.5906342353977133e+17,4.26167036517297e+16,1.1430027549148608e+16,5948710404069153.0,3658947591276131.0,3718960302232673.5,1.2941704950897318e+16,6907712717154994.0,1.2484468233636176e+16,6580579120233182.0,4109526841382225.5,3411161477671537.0,5.70225131779157e+19,1.3522505395549092e+16,5.27380141358008e+16,8.590272960576754e+16,2.8566251740279296e+17,4.560708060174862e+16,1.5558926434511916e+16,8887647714722982.0,6616441593197778.0,6149373301481613.0,1.616446954552198e+16,9149653229149752.0,1.597799565136568e+16,9053691273559672.0,6602512675112166.0,6053459535016079.0,1.5127561570349961e+19
744.16,-25749095661066.63,-12092474394686.166,-6528679436056.076,-6875703906943.539,-30396315578031.34,-14849944958529.715,-28987320925139.96,-13909096373756.803,-7752186435280.23,-6038005185725.522,-3008047998.2203593,73844219883394.16,2.315913590150184e+16,4.117939017737567e+17,6.10294209092937e+16,1.6455952261441454e+16,8624716732400032.0,5397319899808950.0,5471527328660208.0,1.8516917984214028e+16,9928556996835522.0,1.789343702535828e+16,9486757031163382.0,5988909489956575.0,5009697496343817.0,7.858692508109144e+19,1.5967171927636064e+16,6.229708324055578e+16,1.0142339106969374e+17,4.544394510353824e+17,6.531026246125723e+16,2.2426310000999196e+16,1.2903631036350362e+16,9776307046249132.0,9061204009660670.0,2.31478768481167e+16,1.3163236214310876e+16,2.2924006320787764e+16,1.3067493200480418e+16,9641100561861968.0,8904614785537264.0,2.2494816503224545e+19
992.992,-37862721125381.03,-18256514035653.992,-10350628146689.465,-10789605467801.816,-44124095213323.87,-21978705076333.92,-42225683079403.89,-20717770480924.86,-11943510321086.123,-9523673866037.252,-20069506905.898186,63806411373653.03,2.674573685369829e+16,6.190859693771133e+17,8.337094065516816e+16,2.240970109340682e+16,1.1802851475303518e+16,7498243042091001.0,7597816818088026.0,2.5092766111149564e+16,1.3493955814935994e+16,2.4281255106938644e+16,1.2926284324174622e+16,8221943419578397.0,6920512165140600.0,1.0406029791784647e+20,1.8470369354872416e+16,7.209581283018595e+16,1.1731191903875642e+17,6.838402816149449e+17,8.920788661361525e+16,3.0559586380242932e+16,1.767141975286163e+16,1.3594866775046502e+16,1.2591003710655568e+16,3.1382471395925e+16,1.789768968166363e+16,3.1125345456284492e+16,1.7815749265966326e+16,1.3251737452407568e+16,1.2311542613747826e+16,3.278335317999049e+19
1291.5904,-52312972831675.42,-25662311153515.152,-15064515505599.154,-15639426187333.215,-60425705364995.0,-30482973000214.094,-57966495196552.85,-28866533554365.977,-16994177736089.834,-13763962535520.377,-120401251578.64175,55863227495297.59,3.043774682613571e+16,8.948354321801644e+17,1.1034413514217856e+17,2.940781088011411e+16,1.5540816482750274e+16,1.0007304477050432e+16,1.0156693445794904e+16,3.2800704676977068e+16,1.7671952940395468e+16,3.177497043071035e+16,1.696603263288607e+16,1.0838968092431702e+16,9168391822458220.0,1.3394440573098603e+20,2.105958056045455e+16,8.224459744712062e+16,1.3374192483371066e+17,9.894971998302897e+17,1.1804732707728774e+17,4.01165760693252e+16,2.3276375477719616e+16,1.815409528366542e+16,1.683419071639478e+16,4.103193628596016e+16,2.344247280287662e+16,4.0743978919281176e+16,2.338961752422821e+16,1.7482199292451058e+16,1.6317217328465834e+16,4.748999009401856e+19
1649.90848,-69386768845121.836,-34442722223199.523,-20769259975144.75,-21558652263398.67,-79637939518575.72,-40530398608982.01,-76531297485008.02,-38518786776818.664,-22957217775375.08,-18794935045616.14,-526486788510.1704,49370468302318.0,3.423879683224107e+16,1.2561065804957693e+18,1.4276415797180285e+17,3.7602874550835864e+16,1.991679073050373e+16,1.2989547704647968e+16,1.3224586610380472e+16,4.1809853005322104e+16,2.255230265049505e+16,4.053849406580401e+16,2.169542535794748e+16,1.3877317435492022e+16,1.1783886351923248e+16,1.686454260350416e+20,2.37412705480712e+16,9.277308161959094e+16,1.507531489999033e+17,1.3906627988184468e+18,1.5269750699336934e+17,5.1304870586915704e+16,2.9835029443321456e+16,2.357183131314486e+16,2.1916503682534904e+16,5.230750436142217e+16,2.991614840713686e+16,5.198961447486873e+16,2.9911673552456096e+16,2.2391710164415524e+16,2.0975577186966012e+16,6.848773357941704e+19
2079.890176,-89464158867442.8,-44786139483722.945,-27621312628776.14,-28712583928514.934,-102193654862529.22,-52345340442543.81,-98335243013773.02,-49898008809850.45,-29901234321746.973,-24665799923697.316,-1703115457777.5403,43939626695492.46,3.812184073950468e+16,1.7238916859320077e+18,1.815283293744855e+17,4.717853089853149e+16,2.5026461800731256e+16,1.6529692502314976e+16,1.6882815910780412e+16,5.232221185329336e+16,2.824344385415499e+16,5.076728481963186e+16,2.722391493731446e+16,1.7373559815762882e+16,1.4795209633837704e+16,2.0840863091147637e+20,2.6501227680272412e+16,1.0363080346546136e+17,1.682538718852385e+17,1.9110674657105756e+18,1.9412032837819117e+17,6.43745307640698e+16,3.74903488429231e+16,3.000196890936831e+16,2.797435664531777e+16,6.546158989685873e+16,3.746210685038576e+16,6.511242308279791e+16,3.753209592190199e+16,2.8038001512055036e+16,2.6337197527439664e+16,9.726047552401777e+19
2595.8682111999997,-112999408641328.86,-56923724572680.16,-35828912954701.7,-37243458194823.766,-128606230150539.78,-66198395126986.99,-123869126225009.22,-63278061754519.65,-37883726353863.086,-31409900368494.31,-4398780615349.479,39325288607146.016,4.203074296755717e+16,2.324018035666977e+18,2.275519041188276e+17,5.834713106818883e+16,3.098152437218012e+16,2.0733050638036252e+16,2.1193787308586704e+16,6.457147793955495e+16,3.4871815240855264e+16,6.268618755768093e+16,3.368075071206772e+16,2.135460896163423e+16,1.8217941655626184e+16,2.533404928143677e+20,2.9304642902593452e+16,1.1468638373597472e+17,1.8602176960612554e+17,2.5799407211871974e+18,2.4330968810913226e+17,7.961457550856949e+16,4.640933001770443e+16,3.7635942513047704e+16,3.5116919536991364e+16,8.078605992915226e+16,4.624753508418302e+16,8.039992281117208e+16,4.642810914439148e+16,3.446243558326807e+16,3.243105135632124e+16,1.3378195942843095e+20
3215.0418534399996,-140513450619144.31,-71124106136051.34,-45650215288960.87,-47193970199462.9,-159466194113646.7,-82404426140272.67,-153693271980284.6,-78982594306504.77,-46927508764004.97,-39017048601249.875,-9634944773676.883,35370237612212.24,4.588463003675016e+16,3.088128393065005e+18,2.816461902092206e+17,7.134919145591068e+16,3.790941859575315e+16,2.572659195179303e+16,2.6166738750621344e+16,7.882392583107134e+16,4.258271526298267e+16,7.65492539701793e+16,4.121662542611597e+16,2.582888079339246e+16,2.2044409429083932e+16,3.0355939888649896e+20,3.2097909349608652e+16,1.2573320489192064e+17,2.0371574427827923e+17,3.433125483049896e+18,3.011743509936718e+17,9.735197323772491e+16,5.678254394605826e+16,4.670440521457512e+16,4.336940603586634e+16,9.861315059979032e+16,5.64645145163828e+16,9.817646118907691e+16,5.680606414631725e+16,4.167507001693459e+16,3.924538153114776e+16,1.760280204344014e+20
3958.050224127999,-172592563081075.6,-87692633228823.88,-57389645972293.69,-58424551725223.13,-195443710018733.22,-101324964328662.45,-188437885872517.28,-97390440144971.17,-57002392481143.87,-47412249984519.44,-18663925474942.57,31975703101396.39,4.958597173229247e+16,4.05458314596031e+18,3.443202055692468e+17,8.645403481457955e+16,4.595397365617744e+16,3.165767570832445e+16,3.1721653936646276e+16,9.538044477272662e+16,5.154208146457398e+16,9.264096384184283e+16,5.0006956182214184e+16,3.0779090760663156e+16,2.623541363369019e+16,3.594216555391341e+20,3.4813103313074216e+16,1.3650566665894696e+17,2.209047417043133e+17,4.514133227191498e+18,3.683430773246012e+17,1.1795227830439338e+17,6.882510469764045e+16,5.747440429159397e+16,5.2610421047024024e+16,1.1931784791165146e+17,6.833238668959268e+16,1.1880452322760888e+17,6.890578262480697e+16,4.964242386099303e+16,4.671225860530619e+16,2.2070836152131807e+20
4849.660268953599,-209890796953863.5,-106973421624294.53,-71384241162514.69,-70558389335698.08,-237294175387446.06,-123372959198990.6,-228807671860466.1,-118945770151361.8,-68011916630085.21,-56444330943649.89,-32963935417211.344,29081964187192.47,5.303209483531478e+16,5.269009191185553e+18,4.155122910663401e+17,1.039614247041925e+17,5.5276791923341656e+16,3.868720245832683e+16,3.766752621479332e+16,1.1457940073697416e+17,6.193892554977959e+16,1.1127873968529291e+17,6.0256867469685624e+16,3.61566224954552e+16,3.0715875357917652e+16,4.217061514023903e+20,3.73752319010379e+16,1.467066813597662e+17,2.3711400809611888e+17,5.874843325559242e+18,4.4488991689957485e+17,1.4182163510373034e+17,8.277879595344584e+16,7.023613175824155e+16,6.2530952499626056e+16,1.4332131085845446e+17,8.210103348565498e+16,1.4268772343967933e+17,8.300723308219125e+16,5.8278272921504984e+16,5.469897932989374e+16,2.6469571920460648e+20
5919.592322744319,-253135094493026.88,-129353634789269.44,-87975701897752.64,-82993091630001.58,-285866080066981.7,-149019555478553.72,-275589886282385.3,-144172950996793.6,-79779364255092.25,-65882997643982.89,-54259798258071.734,26652762628449.61,5.612867406287859e+16,6.78411230676002e+18,4.943086895466772e+17,1.2420410842658344e+17,6.605944828568735e+16,4.6976132483765096e+16,4.371206161617004e+16,1.368002874412687e+17,7.398856985377765e+16,1.3281672212511331e+17,7.220812510386266e+16,4.1874780269632984e+16,3.537360643571661e+16,4.9166268550309256e+20,3.971147506255879e+16,1.5604365106565133e+17,2.518838001910882e+17,7.575407186992075e+18,5.300227479022178e+17,1.6941003419931245e+17,9.891544992932378e+16,8.52777887926549e+16,7.264642622533635e+16,1.7109529208241155e+17,9.805528370020344e+16,1.7027543335041254e+17,9.943985322752901e+16,6.743363867246658e+16,6.300557392002675e+16,3.061729168092422e+20
7203.510787293182,-303132122378842.94,-155270605961412.44,-107471725845397.75,-95000311690286.05,-342110775906948.94,-178804103120419.34,-329664953438882.8,-173696438938620.88,-92027874736458.69,-75421305297946.78,-84537314123619.75,24661660214515.16,5.880283398784867e+16,8.658325113535129e+18,5.787594655947048e+17,1.4755097008054678e+17,7.850694581877886e+16,5.66675482578533e+16,4.951113067209982e+16,1.624681253778543e+17,8.793736339349949e+16,1.5765053533513123e+17,8.614826280244267e+16,4.77991273824655e+16,4.0060177564470424e+16,5.709219370144482e+20,4.176092965205976e+16,1.6426725090223232e+17,2.648310145421408e+17,9.68283306137643e+18,6.218366753235421e+17,2.012154089004018e+17,1.1754221092624789e+17,1.028533637726037e+17,8.237826683563886e+16,2.031675005282044e+17,1.1652138101054712e+17,2.020686726218919e+17,1.1859480659044928e+17,7.68834169261488e+16,7.1366820814090856e+16,3.448821529186584e+20
8744.212944751818,-360775171738288.25,-185223852261672.62,-130102039445621.95,-105896288046717.14,-407093376358892.8,-213350582993176.0,-392018137908620.1,-208265891690061.44,-104360620587746.56,-84687061549540.47,-126034435447202.39,23080975252919.42,6.1013163362723336e+16,1.09530754406883e+19,6.659131671616486e+17,1.7441010606521197e+17,9.285346105635122e+16,6.786638492378691e+16,5.474888325420085e+16,1.920582904462326e+17,1.040703955027768e+17,1.862224216019639e+17,1.0242200920722147e+17,5.373852492606591e+16,4.459626676827158e+16,6.613563439789064e+20,4.348298446679165e+16,1.712057043781687e+17,2.7570185220768374e+17,1.2267933341216178e+19,7.172684817793591e+17,2.377876191704308e+17,1.3901018157059558e+17,1.2314753910051125e+17,9.11897853863747e+16,2.4012749254887168e+17,1.3787757407857992e+17,2.3862642321029827e+17,1.409402541333e+17,8.63154856019949e+16,7.946243196012568e+16,3.815667069611069e+20
10593.055533702181,-427048562566817.94,-219795084339340.12,-155972412065937.47,-115216950640848.7,-482002741844509.56,-253396559137816.62,-463750081401168.75,-248786253674531.4,-116260684847821.28,-93273417876896.52,-181189711655438.97,21874638336320.934,6.275443075446455e+16,1.3729131901484286e+19,7.521291899776837e+17,2.0523069278117347e+17,1.0937182346423778e+17,8.061793034253589e+16,5.921725670210348e+16,2.261008612250219e+17,1.2272503643332312e+17,2.1902579339172006e+17,1.2144490336962027e+17,5.944625817906319e+16,4.87866447722291e+16,7.649845500015144e+20,4.486256829735511e+16,1.7678744429404064e+17,2.8440444334586054e+17,1.5401057865829675e+19,8.123553896713101e+17,2.7973075796351075e+17,1.6372853661880458e+17,1.462387185464205e+17,9.87226104435343e+16,2.8263192975147955e+17,1.625726326664095e+17,2.8057108909279965e+17,1.6703939754227824e+17,9.533648217720704e+16,8.694393559506838e+16,4.1719468960716836e+20
12811.666640442618,-503025986634112.06,-259678027416005.25,-185025493665358.97,-122804050840232.19,-568156246998037.6,-299844406921050.56,-546083425964388.9,-296351672516741.3,-127137085397201.77,-100794259092093.77,-252532411022093.12,20995757952903.703,6.405603060303413e+16,1.7043220090229879e+19,8.336094904045588e+17,2.4050204374029734e+17,1.2838747999392933e+17,9.488955497212211e+16,6.285203875845206e+16,2.6518255534303098e+17,1.443147523139613e+17,2.566079733010795e+17,1.4371855366005723e+17,6.464316394048324e+16,5.244712699110736e+16,8.839446792162719e+20,4.59111282694867e+16,1.8104719660231014e+17,2.91014355474831e+17,1.914789680011853e+19,9.027886514907057e+17,3.2770156919785965e+17,1.9218512220710672e+17,1.7206654932993795e+17,1.0486062698448766e+17,3.3140677747101504e+17,1.911582128930112e+17,3.2859146451461696e+17,1.975704286673631e+17,1.0351098958658318e+17,9.348243635480627e+16,4.5244187237611713e+20
15473.999968531141,-589858078210741.4,-305714239456434.0,-217015451058651.5,-128754008250197.22,-666991589724180.4,-353846305923069.25,-640362251450855.2,-352279962790594.25,-136432034489348.61,-106955518150435.22,-342514597514636.3,20388571517628.6,6.497476868308599e+16,2.094598300738906e+19,9.069875623990072e+17,2.8074771845108365e+17,1.5029501195586787e+17,1.10558860979333e+17,6.570519867320113e+16,3.0994279665987814e+17,1.69368318487771e+17,2.995696598235919e+17,1.698459800766146e+17,6.906902027906101e+16,5.543885322266312e+16,1.0205105627108738e+21,4.666315902305214e+16,1.8411413680953766e+17,2.95752064515676e+17,2.3566623227644285e+19,9.84611349474847e+17,3.824010476470166e+17,2.2497054559668314e+17,2.0040934111383206e+17,1.0968590557747675e+17,3.8724214524207046e+17,2.2434175971322845e+17,3.834412873813404e+17,2.333460748392439e+17,1.1044163936785114e+17,9.882946216557322e+16,4.875145108480818e+20
18668.799962237368,-688743174432920.9,-358918103982721.5,-251482041405496.53,-133284788949731.72,-780033762464345.1,-416927768595287.2,-748040597484010.0,-418140126936769.6,-143764549915877.6,-111620449622465.66,-453304995669378.5,19993404426223.4,6.5583945881986216e+16,2.5481149542158713e+19,9.697956043667127e+17,3.2651193425220544e+17,1.755691615406112e+17,1.2740081697431469e+17,6.788164810349866e+16,3.610586347501979e+17,1.985862746641954e+17,3.4855944997683334e+17,2.005435259845874e+17,7.254975946018848e+16,5.76993281951481e+16,1.1771179758159233e+21,4.716914536159092e+16,1.8618493699739683e+17,2.989380282409739e+17,2.8706465787936408e+19,1.0548367026216803e+18,4.4455549009557984e+17,2.6279369622475834e+17,2.308596050050522e+17,1.1337253504428123e+17,4.509732631259801e+17,2.6306195237414035e+17,4.4593122992639955e+17,2.7532767968751434e+17,1.15870414101392e+17,1.0287234717742235e+17,5.22201954974706e+20
22502.559954684843,-800873908361767.0,-420453723726004.1,-287731014271697.8,-136630290677739.69,-908822865752169.5,-491131313050920.6,-870655692171563.1,-495759962589695.9,-149041157893045.12,-114842167137880.17,-586579063640655.4,19752702523093.92,6.5961392378055656e+16,3.068460532944223e+19,1.0207120176618804e+18,3.7833493715967456e+17,2.0475284887846154e+17,1.4507827636862637e+17,6.949161357855212e+16,4.192122029112094e+17,2.3290570298051738e+17,4.042614702229341e+17,2.3664335069678016e+17,7.504797248390805e+16,5.925756353143633e+16,1.3563777239018318e+21,4.748661402239025e+16,1.874881449196848e+17,3.009361513201306e+17,3.4606539494658687e+19,1.1118161115120068e+18,5.148825206681865e+17,3.0646263478469734e+17,2.6280723162968042e+17,1.161049598092446e+17,5.2343984583483315e+17,3.0857399330416845e+17,5.1691191547829926e+17,3.246253954155812e+17,1.1975265012304402e+17,1.0566154168212262e+17,5.560496295869649e+20
27103.07194562181,-927351855957778.8,-491523198566001.9,-324915541283680.4,-139013049319491.64,-1054792967716646.2,-579120867945771.1,-1009780067354519.2,-587198023502239.0,-152467586116513.28,-116843623050917.16,-743342141245068.5,19616291897212.82,6.617902826814243e+16,3.658222521172643e+19,1.0595979342682071e+18,4.367138174254321e+17,2.384036949256416e+17,1.6318310793631814e+17,7.0640161236160904e+16,4.8503647629329754e+17,2.7354577523880454e+17,4.673735470665571e+17,2.7907941298010237e+17,7.666657438845306e+16,6.022393169684175e+16,1.561059987187663e+21,4.7671382967779256e+16,1.8824835894835946e+17,3.020987701842807e+17,4.1293719948552e+19,1.1553163016931948e+18,5.940374690488252e+17,3.568035690753118e+17,2.955148996798448e+17,1.1805909644118034e+17,6.054186204966683e+17,3.625072364800024e+17,5.972449358406921e+17,3.8247496184012986e+17,1.2225935355106027e+17,1.0739293099408062e+17,5.8856604223103415e+20
32623.68633474617,-1069065050766088.1,-573181194008456.5,-362307786440777.56,-140656742148601.36,-1219108503363767.0,-684141106650255.9,-1166943739159223.0,-694669921522389.0,-154454598386055.12,-117946507106217.1,-923809173902224.0,19544621079498.215,6.6295816155347336e+16,4.318684472493192e+19,1.0873751834760735e+18,5.020464714459347e+17,2.770071718987925e+17,1.8136933926460547e+17,7.143397802614778e+16,5.5904234913565786e+17,3.219858676807027e+17,5.38572050440166e+17,3.288527617187044e+17,7.760337694896062e+16,6.075556804643204e+16,1.7940359885436708e+21,4.7770907644455624e+16,1.8865827566158093e+17,3.027249994613835e+17,4.877971175264364e+19,1.1863611853692316e+18,6.825371975082099e+17,4.145305369252479e+17,3.283586152422748e+17,1.1941371425296453e+17,6.975325950691848e+17,4.268309384264959e+17,6.877574565985905e+17,4.5018656835486163e+17,1.237051921028204e+17,1.083464328239237e+17,6.19393430642784e+20
39248.4236016954,-1226531064563663.8,-666173336166992.6,-399648004454853.25,-141784639018682.12,-1402486577617393.2,-809711050879301.0,-1343513470383445.0,-820434967843230.6,-155473142816703.53,-118478413346499.42,-1127339124327347.2,19509573531659.957,6.63548620321493e+16,5.049627791840757e+19,1.1057748176151071e+18,5.7456002800664166e+17,3.209025853529635e+17,1.9952060124455594e+17,7.198021854947019e+16,6.41539663697765e+17,3.7982221726985146e+17,6.18457742824915e+17,3.869795369200883e+17,7.808273207297989e+16,6.101156263345369e+16,2.0581594948935567e+21,4.78208568096014e+16,1.8886371639507744e+17,3.0303943523682816e+17,5.705908158887466e+19,1.2069067429838956e+18,7.806633708592179e+17,4.801351737884614e+17,3.6112889188684294e+17,1.2034896576028347e+17,8.00152384889415e+17,5.036576049465894e+17,7.891739916841807e+17,5.290730400037481e+17,1.2444236228153491e+17,1.0880608990797704e+17,6.484013725752082e+20
47198.10832203448,-1399720034414439.0,-770886938960424.9,-437302072815958.8,-142595882480180.12,-1605037926394444.8,-959026808958519.4,-1540514668265903.5,-966666594003972.2,-155930312944899.5,-118700242707353.67,-1352398045510118.2,19493219073789.555,6.638421983675419e+16,5.849379173129457e+19,1.1169732850299144e+18,6.542303596918633e+17,3.702621517571106e+17,2.1782211927932278e+17,7.237462036535742e+16,7.325665996614478e+17,4.4849392825971846e+17,7.074763654470674e+17,4.5443300962410963e+17,7.829753468291454e+16,6.111815887589875e+16,2.3560653093871493e+21,4.784494583770647e+16,1.8896213583636013e+17,3.031913015108206e+17,6.610972199009098e+19,1.2194035699094671e+18,8.883543088447348e+17,5.538567299031959e+17,3.941595871698553e+17,1.2102649520257702e+17,9.133073895721925e+17,5.948749295236755e+17,9.020182499997658e+17,6.203758570962164e+17,1.2477141958940318e+17,1.0899772482974818e+17,6.757086912726472e+20
56737.72998644138,-1587880200889796.0,-887396214747721.2,-476104682980706.75,-143242910319204.97,-1826129421968943.2,-1134306504412383.0,-1758390216531976.8,-1135327745797178.8,-156108898550129.12,-118779416325569.22,-1596519976617957.2,19485374085937.19,6.640005285237328e+16,6.714937818359028e+19,1.1231789498851818e+18,7.407029748421379e+17,4.251133311980659e+17,2.3668169979721712e+17,7.269047431575437e+16,8.31828558016728e+17,5.289873055939633e+17,8.05811580309738e+17,5.3208938087597037e+17,7.838131850809349e+16,6.115614699288225e+16,2.68985901702229e+21,4.785707136937052e+16,1.8901087141474016e+17,3.032679956364846e+17,7.589412445576113e+19,1.2263266029280305e+18,1.0050996030638927e+18,6.357173986998419e+17,4.281848929275793e+17,1.2157055399295187e+17,1.036609045474708e+18,7.017557791070291e+17,1.0264824735155777e+18,7.252034599533307e+17,1.2489921939676531e+17,1.0906610577193835e+17,7.01668666275972e+20
68185.27598372966,-1789388013393861.0,-1015539660903349.0,-517036541994414.7,-143826095884009.16,-2064236705080329.2,-1336520763511233.0,-1996713355004555.5,-1328030032849239.8,-156169915161059.62,-118803396386127.45,-1856259213799887.5,19480933968592.516,6.641053041011435e+16,7.64178575385329e+19,1.1262830883020828e+18,8.33225329735057e+17,4.853752569397497e+17,2.5657357674194467e+17,7.297604142792437e+16,9.386327292799514e+17,6.217205144276177e+17,9.132579147892724e+17,6.206667866343265e+17,7.840991323587147e+16,6.1167636090014216e+16,3.060678226468036e+21,4.786436072626768e+16,1.89039432169546e+17,3.033143233059278e+17,8.63573593266916e+19,1.2297892385947756e+18,1.1298514963560613e+18,7.255788921487633e+17,4.6405758720066016e+17,1.2206325913946584e+17,1.1691705518957248e+18,8.24816262473531e+17,1.1622733983907126e+18,8.444649378044997e+17,1.2494261106248398e+17,1.0908681412708275e+17,7.268294731505124e+20
81922.3311804756,-2001643879881752.2,-1154989491098543.2,-560933065057135.4,-144402951938081.56,-2316780276078691.5,-1565659090518918.0,-2253897648486630.5,-1545788181747679.2,-156188945816312.44,-118809520440141.12,-2127168257457160.5,19477670398910.08,6.641921358875373e+16,8.623176159485244e+19,1.1276732827464169e+18,9.306001817782555e+17,5.508910311316379e+17,2.7789917940702845e+17,7.325898400215114e+16,1.0518158088140134e+18,7.266716066346888e+17,1.0290926564184717e+18,7.206157674491167e+17,7.841883323329326e+16,6.117056616438915e+16,3.468128043216759e+21,4.786997308609757e+16,1.8906094773586458e+17,3.0335013441071616e+17,9.741957414937956e+19,1.231339985079531e+18,1.2609663130001055e+18,8.231923651192383e+17,5.024980385104031e+17,1.2255182452807155e+17,1.3095206930447383e+18,9.639981444315146e+17,1.308457191934261e+18,9.787369142301829e+17,1.2495604524262368e+17,1.0909210252064515e+17,7.518462453214537e+20
98406.79741657071,-2221046458910230.8,-1305201186805581.0,-608268106770861.1,-145001502935126.44,-2580023407029878.0,-1820965876114584.5,-2526956523142262.0,-1788565440978928.2,-156195304229199.2,-118810833868317.31,-2403860662173179.5,19474760377158.9,6.642738033774435e+16,9.649073160972848e+19,1.128226436142259e+18,1.0311749697017428e+18,6.214033828694267e+17,3.008838705804564e+17,7.355277490595333e+16,1.1696998904268073e+18,8.434859001295788e+17,1.1519696542414253e+18,8.319126966190785e+17,7.84218242194631e+16,6.117119380108586e+16,3.9096377345733286e+21,4.78750802185148e+16,1.890803222942374e+17,3.033827828504957e+17,1.0896476800828083e+20,1.231957036094113e+18,1.396195664699843e+18,9.281632195394266e+17,5.439083908606447e+17,1.230592920201299e+17,1.45555400627866e+18,1.118813294722967e+18,1.4633303931582303e+18,1.127992586662055e+18,1.2496049342842517e+17,1.0909323688539971e+17,7.773360587074166e+20
118188.15689988485,-2443092232301869.5,-1465097401883198.8,-658987325552203.6,-145630778567365.53,-2849138779076373.5,-2100456941835489.0,-2811358775107800.0,-2054614100472316.2,-156198419893363.44,-118811070695256.67,-2680206706636430.0,19471971959221.418,6.643533639715281e+16,1.070508470516356e+20,1.1284205650502634e+18,1.1328883687656177e+18,6.964058501451721e+17,3.254971664699657e+17,7.386171502923782e+16,1.2901236980412895e+18,9.712507281166925e+17,1.2798553346068365e+18,9.537582104884042e+17,7.842330004804645e+16,6.1171306867560744e+16,4.3798489446126537e+21,4.788000240875093e+16,1.8909893025688854e+17,3.034142690627922e+17,1.2082941097450729e+20,1.2321735939106314e+18,1.532754497713491e+18,1.0397301025595409e+18,5.882294774706225e+17,1.2359300049153522e+17,1.6045738729962982e+18,1.2880365711439524e+18,1.6243410009293978e+18,1.291193309255748e+18,1.2496265648810642e+17,1.0909344153685381e+17,8.037089429989432e+20
141925.78827986182,-2662627756738379.0,-1632584743375072.2,-712431312591473.4,-146287214210118.75,-3118441078945467.0,-2399933186520616.0,-3101029458364404.0,-2339794289827284.0,-156200832303642.66,-118811107537703.73,-2949674247275684.0,19469285766749.527,6.644303443577808e+16,1.1771801896765571e+20,1.1284802475352557e+18,1.2333862199256686e+18,7.749168032869018e+17,3.514164386612439e+17,7.418399484936427e+16,1.4105474248680778e+18,1.1080439959195666e+18,1.4100288777698693e+18,1.0842649319881038e+18,7.842444777663877e+16,6.1171324465285464e+16,4.870199617413763e+21,4.788474954976612e+16,1.8911685793843693e+17,3.034446419239805e+17,1.3279540152752577e+20,1.232240172495523e+18,1.6674809092834358e+18,1.1564288474668918e+18,6.348764691647597e+17,1.2414978432478533e+17,1.753426213148442e+18,1.469102819150698e+18,1.788086742825205e+18,1.465857870636961e+18,1.2496432715757622e+17,1.0909347344946518e+17,8.310299174037827e+20
170410.94593583417,-2874226115325864.5,-1804234881115569.5,-767385324747425.8,-146958458560191.8,-3381676849845063.5,-2712368603205105.0,-3388557102342219.0,-2637153136353903.0,-156203116185766.75,-118811113502522.3,-3205784303768790.5,19466745096736.43,6.645032498771283e+16,1.2825025999440352e+20,1.1284962201433298e+18,1.330193622158075e+18,8.553315197667228e+17,3.780517746905066e+17,7.451352497099362e+16,1.5281827473767025e+18,1.2506585275100682e+18,1.5391740055657533e+18,1.220263863085871e+18,7.842553572472632e+16,6.11713273371088e+16,5.368872906016581e+21,4.788923981946152e+16,1.8913380922243155e+17,3.0347337402960685e+17,1.4459273480371826e+20,1.232257990742011e+18,1.7970692411065477e+18,1.2758727606243162e+18,6.82784945375302e+17,1.2471910306198982e+17,1.8986646262979054e+18,1.6577486214194266e+18,1.9504255729838792e+18,1.6477884253425178e+18,1.2496590851311194e+17,1.0909347867851693e+17,8.589645407184068e+20
204593.135123001,-3072616548521727.5,-1975319644117411.8,-822207095830864.1,-147625952790780.88,-3632325557967935.5,-3028076462165162.5,-3665651937434332.0,-2937016390292788.0,-156205359354638.53,-118811115479036.42,-3442605429798732.0,19464403652167.67,6.645704846445222e+16,1.383713569708898e+20,1.128499919981577e+18,1.4209107493151537e+18,9.354398260030305e+17,4.046081127160725e+17,7.484118523652083e+16,1.6401275454768463e+18,1.394681415129794e+18,1.6635828484163016e+18,1.3573450451611517e+18,7.842660457435782e+16,6.1171328308002424e+16,5.861247703856539e+21,4.789337771202899e+16,1.8914942691899734e+17,3.034998530954788e+17,1.559147186262485e+20,1.2322621181078418e+18,1.9183325556606208e+18,1.3947802809517243e+18,7.305240433312707e+17,1.2528518967711902e+17,2.036720446282922e+18,1.8481280948516436e+18,2.1067260352453604e+18,1.831114540107337e+18,1.2496746179455677e+17,1.0909348045776403e+17,8.868262094466979e+20
245611.7621476012,-3253097027916304.5,-2140156093821217.0,-874984190463553.5,-148267211270433.1,-3863977752516283.0,-3335462496847388.0,-3923847853112870.0,-3227750974761586.0,-156207526726584.6,-118811116992201.83,-3655188876274876.5,19462308280631.42,6.646306888235592e+16,1.4779429155915996e+20,1.1285006579636486e+18,1.5034003889536655e+18,1.0125879530040247e+18,4.301612683748387e+17,7.515593711433622e+16,1.743534284166027e+18,1.534837957608413e+18,1.7794692368249848e+18,1.4902051916698685e+18,7.842763736620744e+16,6.117132905753846e+16,6.330948850843802e+21,4.7897080686239016e+16,1.8916340076803443e+17,3.035235503366292e+17,1.6644386344989442e+20,1.232262941374826e+18,2.028451134283726e+18,1.509218143458051e+18,7.764341576592696e+17,1.2582896922553202e+17,2.1641106461017784e+18,2.0332739252481219e+18,2.2522566397108956e+18,2.0087567217885425e+18,1.249689626484696e+17,1.0909348183435482e+17,9.136952593944078e+20
294834.11457712145,-3411883746325037.5,-2292709274707577.5,-923737697472639.2,-148858584455512.06,-4070839509495707.0,-3622231141428147.0,-4155383914822741.5,-3497200061620840.0,-156209545574102.5,-118811118388111.45,-3839882833915047.0,19460493040511.59,6.646828734921435e+16,1.5625107434583645e+20,1.1285007841830979e+18,1.5759462843094835e+18,1.0839601986373587e+18,4.5375621026368666e+17,7.544617700017296e+16,1.8358336170198254e+18,1.6655398883080133e+18,1.8833630525685783e+18,1.6133028913854198e+18,7.842859938600709e+16,6.117132974969954e+16,6.761515169509779e+21,4.790028875791807e+16,1.891755052953424e+17,3.0354408140247526e+17,1.7588470715579154e+20,1.232263082189408e+18,2.1251788950773128e+18,1.615021733091262e+18,8.188038220173364e+17,1.263303948414519e+17,2.2777089890945119e+18,2.2058227388755374e+18,2.382679851039892e+18,2.1733090325020672e+18,1.2497036066336222e+17,1.090934831058528e+17,9.385697900710531e+20
353900.9374925457,-3546385002888268.0,-2427424778952809.0,-966687727499789.2,-149378723482369.94,-4248327699870285.5,-3877020653008108.5,-4354149308709530.5,-3734545995883133.0,-156211337191825.66,-118811119644001.86,-3994534254084833.5,19458976977101.47,6.647264796144557e+16,1.6352563454932143e+20,1.1285008026636038e+18,1.637376749968833e+18,1.146967447288742e+18,4.745350596264423e+17,7.570143481528645e+16,1.914997632565675e+18,1.7816280040232297e+18,1.9725335248250555e+18,1.7217090920604073e+18,7.842945311600317e+16,6.117133037246987e+16,7.13852868300323e+21,4.790296830492946e+16,1.8918561441672182e+17,3.035612306830964e+17,1.8399989870942185e+20,1.2322631028146522e+18,2.207001137565289e+18,1.7083710489087012e+18,8.560989880220672e+17,1.267713803201337e+17,2.3750625750583864e+18,2.3589928319036355e+18,2.494584360093631e+18,2.3181851114852874e+18,1.2497160131908706e+17,1.0909348424989434e+17,9.605286002517311e+20
424781.1249910548,-3655416606001240.5,-2540151769681957.0,-1002537575940001.5,-149812169280312.9,-4393670670564372.5,-4091214419907976.5,-4516521765200444.0,-3932123895732203.0,-156212839010383.2,-118811120709006.5,-4118621579209009.0,19457763156046.348,6.647614074641362e+16,1.6948484876954062e+20,1.1285008050114209e+18,1.6871616447129155e+18,1.19967745573025e+18,4.9187393611699194e+17,7.59141331420069e+16,1.9798053046904195e+18,1.8791944170628736e+18,2.0453649335020288e+18,1.8119345288527276e+18,7.84301687428269e+16,6.117133090056874e+16,7.451813194333921e+21,4.790511383767101e+16,1.8919370808753462e+17,3.035749626716195e+17,1.9064421270948187e+20,1.232263105441555e+18,2.2732559838546148e+18,1.7864250735467505e+18,8.872072845959717e+17,1.2713883744236326e+17,2.454710138044511e+18,2.487662847431976e+18,2.58595759805854e+18,2.438729762691393e+18,1.2497264128617056e+17,1.0909348522002032e+17,9.788894771959519e+20
509837.3499892658,-3739360397665971.5,-2628895984953838.0,-1030695214375104.1,-150152063936299.34,-4506386996696411.0,-4260426461260081.5,-4641894744704994.0,-4086648974973381.5,-156214019774293.5,-118811121552031.78,-4213327087792805.0,19456838306464.75,6.647880291124063e+16,1.741004210491865e+20,1.1285008053019174e+18,1.7254837027091067e+18,1.2411654758091474e+18,5.054894596048865e+17,7.608091529172443e+16,2.0300540277925076e+18,1.9562563399230556e+18,2.1015926656589663e+18,1.8824889742203405e+18,7.84307313788267e+16,6.1171331318583816e+16,7.697128984434784e+21,4.790674870994416e+16,1.8919987492625258e+17,3.035854265474371e+17,1.9578853596328637e+20,1.2322631057717501e+18,2.324222811541333e+18,1.847835923119623e+18,9.116273669301981e+17,1.2742696914709014e+17,2.5164354328654587e+18,2.5892519342053243e+18,2.6564816150462013e+18,2.5329658598233267e+18,1.249734589255251e+17,1.0909348598791946e+17,9.933304574045807e+20
611904.819987119,-3800198342602753.0,-2694139831547730.5,-1051356220965043.5,-150401093664182.97,-4588464636498292.0,-4385147949915680.5,-4732711732861074.0,-4199484799166685.5,-156214884923914.03,-118811122171340.2,-4281483984079112.0,19456173533501.953,6.648071691970406e+16,1.7745391072318882e+20,1.1285008053601498e+18,1.7532535875417948e+18,1.2716628188726351e+18,5.154784108525744e+17,7.620310611930314e+16,2.0666384803369375e+18,2.0130485375962609e+18,2.142318192017918e+18,1.9340025744736202e+18,7.843114362134598e+16,6.117133162566305e+16,7.876789377045378e+21,4.790792390901338e+16,1.8920430762009776e+17,3.035929484488161e+17,1.9952533433076528e+20,1.2322631058412145e+18,2.3611385902712694e+18,1.8929638737721183e+18,9.295385451647382e+17,1.276380652203899e+17,2.561360555593679e+18,2.6640975656977705e+18,2.707550279518449e+18,2.601751497503469e+18,1.2497405800926013e+17,1.0909348655202702e+17,1.0039372503813377e+21
734385.7839845427,-3841306160990686.0,-2738593231887091.0,-1065412141248863.5,-150570293943107.78,-4644077408698609.0,-4470280709839059.5,-4793929205819598.0,-4275890765430443.0,-156215471854385.2,-118811122591412.64,-4327293053566154.0,19455727102513.695,6.648200249307635e+16,1.7972039802719925e+20,1.1285008053868502e+18,1.7720157682359012e+18,1.292439966402453e+18,5.222732589012383e+17,7.628612487270754e+16,2.0914242362341862e+18,2.0518101946142262e+18,2.1697680145108593e+18,1.968881633999145e+18,7.8431423291981e+16,6.1171331833950344e+16,7.998881645350225e+21,4.790871315193689e+16,1.8920728443722662e+17,3.035980000822399e+17,2.0205055366123638e+20,1.2322631058740654e+18,2.3860723731192673e+18,1.923701460329568e+18,9.417202180252494e+17,1.2778148813422285e+17,2.5917904305848837e+18,2.715170182741563e+18,2.7419651900699725e+18,2.648314558509421e+18,1.2497446443532126e+17,1.0909348693465296e+17,1.0111580690850264e+21
864000.0,-3865276661244794.0,-2764623347489042.0,-1073634052948998.9,-150669169758063.34,-4676551023654406.0,-4520190498111640.0,-4829524219663714.0,-4320414603095741.0,-156215814151503.84,-118811122836027.1,-4353908805084892.0,19455467850207.367,6.648274912855631e+16,1.810409218169789e+20,1.128500805401641e+18,1.782955618004035e+18,1.3046054931344264e+18,5.262475823269437e+17,7.633463781126824e+16,2.105896344536999e+18,2.0745331738526157e+18,2.1857278648824259e+18,1.9892054230646633e+18,7.84315863954186e+16,6.117133195523889e+16,8.070260418038368e+21,4.790917149498757e+16,1.8920901315200522e+17,3.036009337755486e+17,2.0352172928505053e+20,1.2322631058923602e+18,2.4006081169638656e+18,1.9416963886157716e+18,9.488444978992106e+17,1.2786529911379462e+17,2.6095558087762463e+18,2.745106063626787e+18,2.761971944786835e+18,2.675441900255973e+18,1.2497470146213174e+17,1.0909348715746144e+17,1.0153836027605754e+21
